{
  "display": {
    "icon":{
      "item":"bhc:blue_heart_canister"
    },
    "title":{
      "translate":"advancements.bhc.blue_heart_canister"
    },
    "description":{
      "translate": "advancements.bhc.blue_heart_canister.description"
    },
	"hidden": true
  },
  "criteria":{
    "blue_heart_canister_in_inventory":{
      "trigger": "minecraft:inventory_changed",
      "conditions":{
        "items":[
          {
            "item": "bhc:blue_heart_canister"
          }
        ]


      }
    }
  }
}