{
  "display": {
    "icon":{
      "item":"bhc:green_heart"
    },
    "title":{
      "translate":"advancements.bhc.green_heart"
    },
    "description":{
      "translate": "advancements.bhc.green_heart.description"
    },
	"hidden": true
  },
  "criteria":{
    "green_heart_in_inventory":{
      "trigger": "minecraft:inventory_changed",
      "conditions":{
        "items":[
          {
            "item": "bhc:green_heart"
          }
        ]


      }
    }
  }
}