[
  {
    "tier": 1,
    "color": 768000,
    "affixes": 0,
    "growthFactor": 1,
    "chance": 0.05,
    "potions": ["extraalchemy:concentration;0", "minecraft:regeneration;0"]
  },
  {
    "tier": 2,
    "color": 2637804,
    "affixes": 0,
    "growthFactor": 2,
    "chance": 0.5,
    "potions": ["extraalchemy:concentration;1", "minecraft:regeneration;0"]
  },
  {
    "tier": 3,
    "color": 11996610,
    "affixes": 0,
    "growthFactor": 4,
    "chance": 0.5,
    "potions": ["extraalchemy:concentration;2", "minecraft:regeneration;1"]
  },
  {
    "tier": 4,
    "color": 16739328,
    "affixes": 0,
    "growthFactor": 6,
    "chance": 0.5,
    "potions": ["extraalchemy:concentration_normal;0", "minecraft:regeneration;1"]
  },
  {
    "tier": 5,
    "color": 16765184,
    "affixes": 0,
    "growthFactor": 8,
    "chance": 0.5,
    "potions": ["extraalchemy:concentration_normal;1", "minecraft:regeneration;2"]
  },
  {
    "tier": 6,
    "color": 9237730,
    "affixes": 0,
    "growthFactor": 12,
    "chance": 0.5,
    "potions": ["extraalchemy:concentration_normal;2", "minecraft:regeneration;2"]
  }
]