[
  {
    "identifier": "vortex",
    "enabled": false,
    "entityBlacklist": [],
    "alwaysOnEntity": [],
    "tier": 1
  },
  {
    "identifier": "arctic",
    "enabled": false,
    "entityBlacklist": [],
    "alwaysOnEntity": [],
    "tier": 1
  },
  {
    "identifier": "desecrator",
    "enabled": false,
    "entityBlacklist": [],
    "alwaysOnEntity": [],
    "tier": 1
  },
  {
    "identifier": "scrapper",
    "enabled": false,
    "entityBlacklist": [],
    "alwaysOnEntity": [],
    "tier": 1
  },
  {
    "identifier": "reflecting",
    "enabled": false,
    "entityBlacklist": [],
    "alwaysOnEntity": [],
    "tier": 1
  },
  {
    "identifier": "knockback",
    "enabled": false,
    "entityBlacklist": [],
    "alwaysOnEntity": [],
    "tier": 1
  },
  {
    "identifier": "jailer",
    "enabled": false,
    "entityBlacklist": [],
    "alwaysOnEntity": [],
    "tier": 1
  },
  {
    "identifier": "dampening",
    "enabled": false,
    "entityBlacklist": [],
    "alwaysOnEntity": [],
    "tier": 1
  },
  {
    "identifier": "lively",
    "enabled": false,
    "entityBlacklist": [],
    "alwaysOnEntity": [],
    "tier": 1
  },
  {
    "identifier": "adaptable",
    "enabled": false,
    "entityBlacklist": [],
    "alwaysOnEntity": [],
    "tier": 1
  },
  {
    "identifier": "infested",
    "enabled": false,
    "entityBlacklist": [],
    "alwaysOnEntity": [],
    "tier": 1
  },
  {
    "identifier": "hasty",
    "enabled": false,
    "entityBlacklist": [],
    "alwaysOnEntity": [],
    "tier": 1
  },
  {
    "identifier": "shielding",
    "enabled": false,
    "entityBlacklist": [],
    "alwaysOnEntity": [],
    "tier": 1
  },
  {
    "identifier": "molten",
    "enabled": false,
    "entityBlacklist": [],
    "alwaysOnEntity": [],
    "tier": 1
  },
  {
    "identifier": "plagued",
    "enabled": false,
    "entityBlacklist": [],
    "alwaysOnEntity": [],
    "tier": 1
  }
]