{
  "display": {
    "icon":{
      "item":"bhc:heart_amulet"
    },
    "title":{
      "translate":"advancements.bhc.heart_amulet"
    },
    "description":{
      "translate": "advancements.bhc.heart_amulet.description"
    },
	"hidden": true
  },
  "criteria":{
    "heart_amulet_in_inventory":{
      "trigger": "minecraft:inventory_changed",
      "conditions":{
        "items":[
          {
            "item": "bhc:heart_amulet"
          }
        ]


      }
    }
  }
}